time,1min,2min,3min,4min,5min,6min,7min,8min,9min,10min,11min,12min,13min,14min,15min
2020-01-13,-7.542892492227009e-05,7.507713923352566e-05,0.0001559565037208611,0.00012154611825345991,0.00012964371775149277,0.00014781747950004,0.0002699949868508497,0.00025563987530810366,0.00024376729831039243,0.00026048078518215226,0.00034307541106826735,0.00030889395889833836,0.00021526491320809517,0.00038024433862942,0.0002676378646433054
2020-01-14,-5.9983256390963234e-05,1.0097020271338636e-05,1.734756222405956e-05,-1.734259013555211e-05,-0.0001669838631847935,-8.494119594975066e-05,-0.00012740088000560854,-0.00014321053427918912,-0.00018244802791502556,-5.808688142134264e-05,-0.00020845198454569049,-0.0001373979593035651,-0.0001394785322231218,-0.0003083105021409405,-0.00014391805843375356
2020-01-15,8.785809567741758e-05,-9.721579195751424e-05,-2.1719069497011458e-05,-1.138597731263081e-05,-0.00011486455694608,-8.953362148024259e-05,-0.00017611345591026162,0.00018882704055119998,-0.00023315305676406,0.00010162767770081518,-0.00014080223282737732,-4.12634692044729e-05,-0.00014177965979710275,-0.00020278246318956573,-2.3460722637160013e-05
2020-01-16,-0.00012191616314172367,1.0030268897107575e-05,-0.00010389730691621142,-4.540118789318002e-05,-0.0002912678074080318,1.7356822906988483e-05,-5.107164969977129e-05,-8.152620789958392e-05,-6.227928643413999e-05,-0.00015927239189536687,-0.0003814850977116791,-3.924324131116611e-05,3.9649803714093196e-05,5.157548948981597e-05,2.7837618093597617e-05
2020-01-17,-5.1171779078847776e-05,-9.715437695116706e-05,-3.998193080056134e-05,4.969462430323235e-06,3.0383700727783744e-05,-4.9174900309405004e-05,2.335506796000813e-05,-1.0884803645793057e-05,8.411970153839951e-05,0.00011274770478316856,-8.341908998092102e-05,0.00016691172892722213,0.0002687871192058859,3.177343884455836e-05,0.00010999039739333998
2020-01-21,4.5922933120676124e-05,0.00011127424481948004,0.00042019756025835997,0.00028715796451886,0.00040627666125060506,0.0004209755849436443,0.00055956192707756,0.0005342974504782703,0.0003685887322776814,0.00043327953804611803,0.00042899008898327,0.00055439206813936,0.00047364273858709895,0.0003646791054126345,0.00034328664718099997
2020-01-22,-0.00022963061167079348,-0.0002909621983293233,0.0001718002596366435,-0.0001636710228379168,8.536714710483414e-05,-0.00011495926541042509,-0.00022428049642630733,2.6325264459246443e-05,-5.3989442837747396e-05,7.128565945603911e-05,9.723035834656037e-05,0.00026115601944387394,6.55234628867672e-05,0.0002314611890121921,4.396348399683693e-05
2020-01-23,2.2868645124370308e-05,0.00026942124189096,-7.530099699092427e-05,0.00012214082397832,-0.0003060099715397399,9.307935531718513e-05,-0.0002899420527107213,-0.0006240264204677,-0.0002446829543254908,-0.00017660092079711999,-0.00022773639047107998,-0.00043841901556456,0.0002223002356245201,-0.00065216586932546,0.00041823353166495995
2020-01-24,-0.00017008917594226955,-0.0003295747748824955,-0.0002749678715750961,-0.00021546983874658668,-0.0003341060757367107,-0.0003248118725019555,-0.00032947593723458,-5.076872624590421e-05,-0.0005044976816524717,-0.0005883636000652668,-0.00047078351391779684,-0.0002988639156856801,-0.00021100788226579995,-0.00026744932060237674,-0.0002974361179809
2020-01-27,-2.8162810539901767e-05,-0.00019052490009840623,-0.00014917513366834647,-0.00015209321443281407,-0.00012757605418826776,-0.00019041723327029887,-0.00019443288806518386,0.00027340835589415296,-0.00016451911073112865,-0.00017308568684902,-0.00021077740944084187,-0.0002077938295650296,-0.0001297749555427866,-0.0002451475227036,-7.187761230384001e-05
2020-01-28,-5.835113514552904e-05,-2.575959741762001e-05,-8.209802723806492e-06,-2.3699051992421064e-05,-5.396710509122518e-05,-0.0002363671529061136,-3.376622963046126e-05,-0.00013885056278109645,-0.00013127048434949935,-9.92119351942911e-05,-0.00025732331924413997,-5.0886220384500004e-05,-0.00015881861758264003,-0.00011671894590262,-0.00013104887956329295
2020-01-29,6.199076482815478e-05,0.00012427778367138923,3.235782236388536e-05,0.00049549799835644,0.00020471039301242708,0.0005781502134648639,0.0001815347222892523,0.00045483507830548065,0.0003143454846345227,0.00021457434314110964,0.00024600107888886677,0.00016164734688285993,0.00018539031133631227,0.00031711789748389943,0.00032953850693444585
2020-01-30,-0.00019088780758324614,-0.000561299205012947,-0.0002787853748308255,-0.0002683222437551779,-0.00026180131998388,-0.0003034934882040634,0.00010525457388899608,-5.9856948697365774e-05,-0.00023483162294328668,-0.00025044598325677203,0.00018874335416252716,-6.656836372154486e-05,-0.00016320406446888126,-0.00012773894556488005,-0.0005747909915885306
2020-01-31,0.0001554577279360825,0.00011548986253338971,-0.00026002135564623255,-0.00042825385269918,-0.00041516747068062846,-0.0004923779936413,-0.000746431025051593,-0.0004740398406207199,-0.0004285638084226246,-0.00054003460741304,-0.0004531471324795399,-0.0005793369284689399,-0.000467712538457138,-0.0006493012538011397,-0.00029153156811673295
2020-02-03,1.3944259474697985e-05,7.584183232244746e-05,0.00013561932703519717,0.00012941346651624,-1.525939887789176e-05,9.566878340896629e-05,1.0318875563219998e-05,0.0002039997475494,0.00022084483145348,4.008816168692e-05,1.2736305171159997e-05,8.263815596594e-05,9.741129841102001e-05,6.802325024308001e-05,-2.0393563958200188e-06
2020-02-04,6.1016339836331506e-05,0.0002856578318136803,0.0002537434281248281,0.0003299106181703997,0.00021138307109155015,0.00016978043150817746,0.00015956020809327064,0.0001188920257432008,0.00016818095912459998,0.00014164193920152492,0.00023560427659720672,0.0003775412385306,0.00017944739870766823,0.00014992806204355998,0.00024443118125368
2020-02-05,0.00037554918340565994,0.0002714395411073221,3.9373701617668184e-05,0.00012215552225134182,-9.771975338462003e-05,-4.618982264851529e-05,-5.428098401845091e-05,-7.332017304765189e-05,-8.581021347347327e-05,-3.654168724596004e-05,-0.00017256685587288586,-2.735280391831998e-05,-0.00019990725372379998,-0.0002229430936818059,-0.00011896583707814001
2020-02-06,-6.970908698162295e-05,-0.00010437853785262147,-8.9127997895501e-05,-6.939818753479626e-05,-7.800619008961485e-05,-0.00023021762472299855,-7.970365623411978e-05,-3.221464986247842e-06,-0.00017832087877168575,-2.9165008168803432e-05,4.5646943747808625e-06,-4.6955759659061716e-05,-8.768270170149905e-05,-0.00010843107125821364,-7.787429831157598e-05
2020-02-07,2.4674758807040756e-05,-8.731469004036001e-05,8.714388512560142e-05,-7.444113855072001e-05,-3.9749626198310165e-06,-2.3565201820043684e-05,-8.853720870889484e-05,-0.00012738247257935856,-4.508487335362077e-05,-0.00021877911238012,-2.31737441915318e-05,-7.20053110511403e-05,-0.00012989140499299192,-2.5915101713846945e-05,-8.031686475177998e-05
2020-02-10,-0.00018748188879026185,-0.00012129022024269965,-0.00014872684306674832,-7.028125048658834e-07,-0.00011900474219523637,6.691504955563904e-05,-8.834025330007669e-05,-0.00010116309137403999,-9.542200398610845e-05,-9.231689513159599e-05,0.00013644402433535998,-2.424098250090002e-05,-5.437854002146022e-06,-0.00014512132092673997,2.626496597432919e-05
2020-02-11,0.00013469591250044272,0.0002582470777984826,0.00023422244043199043,0.0002736401693204636,0.00021650441560564312,0.00018011904832894752,0.00019755623141898374,0.0001383559262703331,0.00013347461438786542,0.0001906198956009773,0.00017581420750088068,0.00016648481335451075,0.00016601156144392554,7.124303326855137e-05,0.0002493129888634797
2020-02-12,4.788353183635201e-05,0.00024413736905389997,0.00026085451873358,0.00010035628346050005,9.819182252801999e-05,0.0002230811002465638,0.0003478450265445533,0.00024118702299288501,0.00018571267612329585,6.578668614290178e-05,0.0002846433625828366,0.0002864835335823752,0.0004232415320291654,0.00018737004069164002,0.00037030841959972494
2020-02-13,6.053540589106641e-05,0.00015020176410697564,9.564202387077999e-05,0.000249161843304105,-3.637541340815997e-05,0.000391446987782074,0.00018557828049777997,2.7816497818143468e-05,0.0002091285371641829,0.0003527815640212711,0.00040524747082114153,-5.985957868393998e-05,0.00015972893580252346,6.429875334912108e-05,0.00020505717659705653
2020-02-14,3.707025616354872e-05,4.889486709645677e-06,9.239358759918007e-05,7.65010379130516e-05,0.00023930005567372,2.571687632999843e-07,6.81755761808509e-05,4.055315127744633e-05,9.940989059579997e-05,-6.037177941432782e-05,-7.722266426344682e-06,1.5334815597954925e-05,9.964632095141118e-06,4.475835322857832e-06,9.757478434380975e-06
2020-02-24,0.00014190320869359973,0.00037637962827871175,0.0003234514326192601,0.00046255789958974,0.00039042585560642915,0.0004217462235420929,0.00065223102581798,0.00038314414077698,0.0005020963270569957,0.0004067728155787944,0.00013679661356457768,0.00047571726909992004,0.0003697684143156923,0.00050118162990752,0.00040282240106641993
2020-02-25,0.00023339662153448732,0.00010950293283771701,0.00018061317077051997,0.00014577017752742,8.247747005616381e-05,3.3473048832299976e-05,6.211346445502002e-05,0.0004154543252189001,0.00021264310705256705,9.01281078340992e-05,0.00041134275247444,0.0002516120656893,0.00034130196843375996,0.0002797315658507,0.00024832886385656
2020-02-26,0.00021449480152144042,0.0003067720943160851,0.00027740708550087393,8.614101749685995e-05,0.00019963606014806594,0.00067697853104014,-9.688841309562005e-05,0.0004289749932750238,0.00026464638718351436,0.00036302564782696005,0.00014200425255772,0.00024567302642553826,0.00024680911954273857,0.00041348164312166513,0.00023278486480087036
2020-02-27,5.628802230020812e-05,0.0001776530146498236,0.00023818619437866614,0.0005702448033753201,0.00022891820980445004,0.00041038377532394,0.0005348781546124401,5.0783168386411556e-05,0.00041886687940434,0.0004786130741194,0.00033374629997114,0.00027688862540019716,0.0004075351533711826,0.00057938333122836,0.0002444063506914729
2020-02-28,0.0016797448904839,0.0018944353606153799,0.0018027503044033798,0.0020772158871807537,0.0021149104465108207,0.0015282163901926154,0.0020258390144638054,0.0020557110483593,0.00231086270380626,0.0015354128606773437,0.0017982171432280776,0.0023755593512753198,0.00151666299613404,0.00197596221030078,0.0017846626887875
2020-03-09,0.00046111849322892005,0.00021445725603263998,0.0015024374087520638,0.00152935503391136,0.0009252798963183199,0.00113820819686728,0.0016870536351762003,0.0007601979850507534,0.00166140607209334,0.0013302858192754707,0.0011997740868723897,0.0013385784741658598,0.0017887831726039998,0.00162176493148634,0.0011849517940220999
2020-03-10,0.00037500446865086,-0.00031891213237517975,0.00025837110022608,0.00035729488933588,0.0003607020605192401,0.0006983279563855401,0.0004883060289736599,0.0010169733247593598,8.883720603818004e-05,0.00058344618714474,0.00056218387419126,0.00019886542815682006,0.0004510653369668,0.00035319543422214006,0.00060525485759186
2020-03-11,-0.00026300028513432,-0.00021618300424648004,0.00014531524951935998,0.00014439074107306,0.00047713189318648007,0.0006234558440026481,0.0007319147962985445,-0.00014970508156464008,2.203062046384997e-05,0.0010884902012124199,-0.00020462461625615994,-0.00017190675100296895,6.682166850295991e-05,-0.00034306522105817994,0.00062443372646932
2020-03-12,-9.694893086372e-05,-0.00143171629862334,-0.0007780438574417,-0.00072324926902276,-0.0014639065672561,-0.0006781956252773,0.00028536967657986,-0.0011846491905846402,-0.0008227874754164333,-0.00011227801540660001,-0.0008801546849805999,0.0003007341643460602,-0.00118933295681484,-0.00027331151612876005,-0.0009174127163543999
2020-03-13,-0.0008596174854105602,-0.0012374657473602202,-0.0019363755101315405,-0.00134754432919066,-0.00229154301719612,-0.0033925679868419397,-0.00081465437450896,-0.0017573720786276399,-0.0032575240665781804,-0.0021574181886099197,-0.004054861381895,-0.0026724219797748397,-0.00204391533775782,-0.0007307060869694601,-0.00249120551958964
2020-03-16,-0.0020248637913876802,-0.0007900460844554198,-0.00139608401697244,-0.00228526715236336,0.0012888256800331402,0.0009385883049291402,-0.0017882964186814198,-0.0035240724148921402,-0.00261726355681682,-0.00229295032069032,-0.00215846790571884,-0.0018585556464552119,-0.0003070674588591,-0.0030322903849534797,-0.00216472633274674
2020-03-17,0.0007157792826521759,0.0027518666941824996,0.00235531070596272,0.00148813964863564,0.00248015248535494,0.0029404716786863997,0.00249238800626818,0.00383474214700512,0.00146187517024512,0.00331399786489538,0.002635652618572064,0.00389531600822852,0.00259986510907198,0.0030210796190539998,0.00281819183810214
2020-03-18,0.0023311978455883603,0.0031825134181785396,0.00296260411485712,0.002848478454632,0.0037857949429504203,0.00218821589408206,0.005459612635692919,0.0033623417769934596,0.005361625406328599,0.0020329247601477396,0.0033549263313176598,0.00430329639485552,0.00228194465142946,0.0027025288744863822,0.0018975853082504796
2020-03-19,0.00086898411706552,0.00317357308188058,0.0025408756342461397,0.0038046939195609,0.000410044332027196,0.00140904065824822,0.00168454808311082,0.0038678845216321795,0.00198066217269596,0.00427284057647004,0.0013556333096802205,0.0022862265186288115,0.0026049379467602005,0.0031103551091119603,0.0036886583248311603
2020-03-20,0.0019278680704453114,0.00155703825689862,0.0019724597510165395,0.00207459258887948,0.0009208759395948493,0.00121030588227652,0.0024829407592798997,0.0010001501248644244,0.0008090247322359601,0.0016004161661069085,0.0006857343385632709,0.0017302031751821184,-0.0003017322076025745,0.00106491796192691,0.0008007801648612821
2020-03-30,0.00049315320401758,0.0009250999622152,0.0012746985053989199,0.0014459225602393398,0.0018143241679854799,0.0011456181193377,0.00107361715046634,0.0011992016262318199,0.00086149463208848,0.0007604913195236051,0.0007778557425967199,0.00081701217893706,0.0007284527121572799,0.0012521195269676092,0.00112031780459794
2020-03-31,0.0003747072585702161,0.0004997372350477,-0.0001692651080579793,-0.00035608800725285984,-0.00028538812649077155,-0.000440099709977265,-0.00039265439459786,5.129308055941175e-05,-0.0003985314487345511,0.0002803147961441401,-0.00030751675849232545,-0.00012087670805846521,-0.00018246326377570118,7.837924316036783e-05,-0.00028698165182190576
2020-04-01,-0.0014501878205144551,0.00020459236252819997,0.00089879958422734,3.234586571713825e-06,-8.572945192504005e-05,0.00035568142848382,-3.118734802248003e-05,4.7291899753376586e-05,-6.545819864956003e-05,0.00022746570936485198,0.00015292021316836007,-0.0004693813040960801,0.0002603186779276108,0.0008803043855724,9.42824020491918e-05
2020-04-02,0.00012519197146240003,0.00029201212378524006,0.00018714103573343999,0.0005172040984438871,0.0005777587571510399,0.0004795421732405743,0.00081820606968428,0.0006078879368428948,0.0008474294744349053,0.0007885015554791432,0.0006256866048180247,0.0004924178842936658,0.00065486719516428,0.0009470205828060801,0.0008569936566246654
2020-04-03,0.0001790269697669459,2.7931378478067633e-05,0.00051722689285666,0.0005525961089485083,0.0004361414130993538,0.00030677916550773997,0.0005341503198108399,0.00038751499744446854,0.0003790178850835626,0.0006809289986156635,0.0005223348332286221,0.0006073091310782072,0.0007372252633906734,0.0003527692550868859,0.0006062352307212125
2020-04-06,0.0004549069973084002,0.0008396118499063401,0.00053527278333028,8.493183333745987e-05,-0.00022854576723486006,-0.0001612056988561799,8.040954201550009e-05,-0.00012959124087599995,-0.00013465273488143985,0.00015065617779379988,0.00038840307015250013,-0.00048548397600904,-3.7641072357620086e-05,0.00048208863825020007,0.00020330644197307993
2020-04-07,-1.7398628119064975e-05,0.00042426352127238,0.00033058672467790423,0.00048274146196866495,0.00049031408399824,0.00093923980828312,0.00071766112375802,0.00108986322954614,0.00111356657230248,0.0011710754566110798,0.00020909395409466,0.00134428373106989,0.0010151515995961537,0.0010721366658801676,0.0012263763523908601
2020-04-08,-0.00020106640281801702,-0.00012479681505501587,-0.0003190006162743333,-5.5130474753586794e-05,-0.00012195140350611497,-1.0994267373684249e-05,-3.964215735697312e-05,-0.00015422367316455832,9.352836125520804e-05,-0.0002179145796499017,-0.000134791841692723,0.0004149350287287223,-0.00023239118969549692,-0.00022434612793703702,-7.296108557692189e-05
2020-04-09,-4.6047148337518e-05,-0.00013497186123311998,0.00025041179614442,-3.678367593517996e-05,0.0003324040609682067,5.730160262369995e-05,-7.055589532651997e-05,0.00020162822753361996,-7.625816876046001e-05,0.00010003005873978001,0.00015679032710224,0.00021416520206615997,0.00033933240397706005,5.403916961152001e-05,0.0002880393530186401
2020-04-13,7.831561468829593e-05,0.0005346283459769798,0.0002367307672251212,0.0011517583825792,0.00062610273792176,0.0005631913023845032,0.0005033166011788199,0.0008116691901775599,0.00060410325741849,0.00068211632037368,0.00116924967722273,0.0006987375451338799,0.00049792147611788,0.00061005526508138,0.0007048656136791198
2020-04-14,0.00011438335229950003,-0.00018899567526000093,0.0005546207568937986,0.0006230217992113801,0.00047998210455332,0.0005242592592763336,0.0004889827569103209,0.0003128153368957593,0.0004685099506948,0.00021895169397663728,0.00012637078939937925,0.0004790352084693394,0.00037360927170423583,0.0005427718043780023,0.0007246684295175153
2020-04-15,0.0003427548587141801,0.00058146992067662,0.00013270389041579998,0.00021585529206094,0.0005619989440606927,0.0003569554746794719,0.00035218791278008,0.0007361664247780446,0.000658153339826631,0.00039655395247237995,0.0005752840646109465,4.145793037667017e-05,0.00016491629344472263,0.0003858888852308374,0.0004850747301498
2020-04-16,-0.0003034805681363247,-0.00063320702224124,-0.0009996760727135,-0.00053414152046782,-0.00040633493660458003,-0.0004191772410245,-0.0007037675898669601,-0.00018205204703024215,-0.00031645103053858006,-0.00040834774761229996,-0.00041547436749792,-0.00041226834716058,-0.00047947986888126,-0.00046721549189853996,-0.0004322202911913
2020-04-17,-0.00011815231932141034,-2.6692561408963136e-05,0.00017226035570488,-0.00014558920368752003,-0.0001817888061801,-0.00012946882878138005,-0.00021691455531246,-0.00015547022669373995,-0.0004181305840998798,-3.056192344694002e-05,1.3706781315859996e-05,9.986538865199783e-05,0.00010815286775489022,1.0507086843259978e-05,0.00011408143831974005
2020-04-20,0.0004465237087258675,0.00034937572016724005,-0.00012095766769842,6.940106993049998e-05,-0.00019689280303148001,5.305269999660001e-05,0.00027876186897254,-1.1279888468019965e-05,0.00011096052084299999,5.2949204325700034e-05,0.00047762564139351997,0.00024743412436017774,0.00017913083688821997,0.00016972942071225993,0.00017052817699828
2020-04-21,0.000366916809455,0.0003856415150582,0.000744574840493783,0.0006126378312392401,0.0009722749495505399,0.0008926567107337601,0.0005917150000292199,0.00052193464185004,-0.00025974668398143994,0.0004988725659922787,-7.086855751402008e-05,0.0004987118639517784,0.00058876528143044,0.0005982119785115199,0.0005373897007659801
2020-04-22,0.0009373488001736891,0.0008579065540189948,0.00074113944242892,0.0008430815154744202,0.0008392278207555193,0.0010099550036873723,0.0008193867793170001,0.0007465749190765401,0.0007768278951340999,0.0008167854613867801,0.00075166842314544,0.00091031243583384,0.0007243579310831816,0.0007793684691352078,0.0006701031152830401
2020-04-23,-0.00022763127823344258,-0.00023907877484137112,-0.0003265273742880453,-0.00012057359023195137,-7.958421988079936e-06,-0.00030642698130706116,-0.0005131734460202592,-0.00026679379848996,-0.0001887102744863503,-0.0002628315575979259,9.283789653158e-05,-0.00018769642205848,-0.00018238020146955997,-0.00023775796182513628,-9.916904970587998e-05
2020-04-24,-0.0001089311467380929,0.00032371875836584,0.00031555691879203994,0.0002506609975016001,0.00063512269834184,0.0002944979261509,0.0006719379448617399,0.0007606366562184601,0.00039077798017268,0.0008796239785908201,0.00038605599535930003,0.00059177230120012,0.00042658320251228,0.00054679478483108,0.0006696702880233522
2020-04-27,1.7438565716724758e-06,-1.4270475196499494e-05,0.0001843985166163808,-8.427475834306414e-05,0.0001270020669119955,0.00017251782577314,0.0001338641988488223,0.0002867790006147586,0.00010143716132388,0.00019249348778684777,0.00017141815605614002,0.0002526516557630104,0.0002483412285289641,0.00012413617052844,0.00031816942641262134
2020-04-28,0.00010616407107980764,0.00016651997345585478,0.0005668724643831,0.00051506544330656,0.0004955905195995421,0.00022606967458005828,0.00025299294267538,0.0005391302754577424,0.0004493437207844559,0.00030037996800204,0.00029884565354927996,0.0004759616828210733,0.00036108760645242296,0.0005641540721548601,0.0001613698367307044
2020-04-29,0.00025464039288091166,0.00032755828756126195,0.00011910210919875998,-0.0001164835682815,8.39220778870004e-06,-9.606315308042117e-05,-4.089621955e-05,-0.0005043596262038,-0.00040692586848449996,-0.0007059444529848199,1.605961369423297e-05,-0.0006540998422025201,-0.0005770918940494801,-0.00057082965598152,-6.811577526737999e-05
2020-04-30,0.0009038111392149157,0.000933210297337459,0.000671386491997257,0.0009201196422182692,0.00045990449951034153,0.0008596103612820447,0.0009775212128231142,0.0007457462584015385,0.0009478533353935,0.0009662604092179597,0.0011270725014425201,0.0008232006693191998,0.0011290845470506743,0.0008560078378121765,0.00083663094141788
2020-05-01,-0.0004532065000679189,-6.206017330597394e-05,-0.0003846491232736401,-0.00013821445592162004,-0.0009600167005622201,-0.0003782962156754013,-0.00038507351792874003,-0.0009126928719158201,-0.0003026250924290599,-0.00013409609922282085,-0.00034643999227262,-0.0009115588449890792,-0.00066365958928414,-0.00018655807486346685,-7.232848048612638e-05
2020-05-04,-3.3275110309408955e-05,-0.00023056842411504002,-0.00018255460492186003,-0.00023355311231277996,-0.00018067571261753094,-0.00040235725404744,-0.00038487509173799997,-0.00024414305012082,-0.0002723531937003199,-0.0003871983312531,-0.00031492991183742,-0.0001483229611049,-0.00023359089691163995,-0.00029577484681692,-0.00030625619027706
2020-05-05,0.00015261503589412,0.00012488519649715943,0.0006933974125731727,-0.00032758245232214,1.8193817030352018e-05,8.851860975901996e-05,0.0008862405701095127,0.0007673114592876239,0.00016142728483426968,-0.0003424679231057823,0.0002111883318875728,-0.00035730250344976033,-5.2335075791565243e-05,0.0009932393888981504,-4.100613158797741e-05
2020-05-06,-0.0002950964763442027,-0.00010423154168356307,-5.106732508751911e-05,-0.00022677722700674728,-9.335169320125643e-05,-0.00016295948461774942,-0.00022304616313644038,-0.00030979274495126,-6.234934212315843e-06,0.0004980404739791829,-0.0002646952310879491,-8.669204437964991e-05,-0.00023473836617678157,-0.0002101064636822783,7.711056749132811e-05
2020-05-07,8.907581865442935e-05,0.00021080688270099998,0.00015109268120504273,0.00019971751193772003,0.00015533601646789365,0.0001669141266463458,0.00027473979365947015,0.00028243828234924,0.00022173380610576,0.00025469581436976,0.00025625247079164,0.00012142411658415998,0.0002477385546722807,0.00031613312739442,0.0001926110823722837
2020-05-08,6.445855691398002e-05,0.00010924621862302001,0.00015943460381599999,0.00010188464104279997,0.00018247439026038002,0.00023537629965663997,0.00024657940791544,4.8604539407060004e-05,0.0002572426661828956,-5.035410626389501e-05,3.374704141252993e-05,-9.769087844046514e-05,0.000176065087150998,0.00017885772686760003,-2.834393700853974e-05
2020-05-11,0.0001258510418215323,0.0001534988136306493,0.0003770163073557973,0.0002604035055330401,0.00025876403698708454,0.00045017648884229276,0.0003441042267632342,0.0002901247043993561,2.7477154695239445e-05,0.00029463486130999387,0.00020346078488559438,2.874069189034473e-05,0.00038021724360341725,0.0006209294225657526,8.805117814304727e-05
2020-05-12,0.00013686032906918172,-8.337994392107351e-05,4.6050986547154585e-05,-8.153163546755999e-05,-0.00014984080172092003,-0.00031302654289062,-6.425068628143999e-05,-0.00012438038503283997,-0.00018933202610465997,-0.00010861202756862387,-0.00010588285614830007,-0.00011272189760353995,-0.00018262236627633144,-0.00050062056891154,-0.00019489485692684001
2020-05-13,-9.374207330379999e-05,0.00021754707040699188,0.00033541019197698256,0.00024276234959132002,9.097693209481997e-05,0.00021865925076791341,0.00030637058365126,0.00017569406157604,0.00042117220229883994,7.30166271404e-05,0.00012335947276676,0.0003234404363569518,0.00020195578164340096,0.00047914598874706,0.00031457063277416
2020-05-14,-5.92764415788e-05,-0.00045692045219540003,-0.00084008601619248,-0.00035001629370350106,-0.0004309981866957001,-0.0004422624022207778,-0.0004948839995004527,-0.00048349931850546004,-0.0007670481436726999,-0.00032105611348207997,-0.00044046333511284,-0.00053485117800286,-0.00032720144075694,-0.0006944560374412601,-0.0004950416031606
2020-05-15,-0.0001398677910873061,-0.0003274149153101106,0.00014459424955488002,9.964979469108607e-05,0.0004844175819671748,0.00056085042854916,0.00053867634781492,0.00022830688789901997,0.00018429038479987996,0.0004263909235124,9.904503904836943e-06,0.00012762758022213995,0.00014423174468269998,0.00046710425577901513,0.00030077851524807264
2020-05-18,8.180804618344e-05,0.00014828974305117134,5.348801144358002e-05,0.00022671097984653995,0.00016129172067562005,0.00011945245400490001,0.00020969817364998,7.56065090380014e-07,0.00012807030871646,0.00031139643395210003,-0.00010190460415287999,0.00011634241935859997,8.387653442972e-05,-3.036702258138e-05,0.00017871027966180007
2020-05-19,-3.481106607729584e-05,4.268853832997309e-06,-2.7080552638342388e-05,-0.00016446140715179884,-0.0001849524480058746,-2.8270081215779987e-05,-0.0001497246008557263,-0.00014317652519185462,-0.00023886961890511998,-0.00014120961685442002,-9.595497041777891e-05,1.3190327339506792e-05,-4.0638863811182176e-05,-0.0002505737824045155,-5.310853548982657e-05
2020-05-20,-0.00014129981956399905,-0.00013419109742815469,3.0935160189185865e-06,-2.2463608080553333e-05,-7.838976773054233e-05,1.6987195594367104e-05,7.93822558582491e-06,6.185069492896749e-05,8.390036774321014e-05,-9.805643495748599e-05,0.00015087581292799664,0.00010737287007901552,8.112851004785097e-05,2.4759991286473436e-05,-7.21206256081837e-05
2020-05-21,0.00022611850375138016,0.00017981145857962915,-0.00021116442408300316,-0.00015007410277426204,-0.00020960169007261847,-0.0004736352269463346,-3.5749489140957406e-05,-0.0002044233655929,-0.00013064280588453997,-0.0002550854683623929,-0.00010426729594317995,-5.860640015082005e-05,-0.00013089258575962,-0.00025361847797716983,-0.00012965383438382215
2020-05-22,0.00020745894411563015,0.0002657190309012413,0.00015517525047269645,3.926842309305999e-05,0.00013984365363532,0.00024505263846002145,8.689553032172001e-05,0.0001596439477621,0.00012338196543864,0.00021670760945278,0.00025884407922180006,0.0001107985105559,0.00019007413881207654,0.00027495193841011996,0.00025529587584765997
2020-05-26,3.750909773766515e-05,-0.0001271911239871068,-0.0002427468972040418,-0.00016554502870301988,-0.0001053601434516565,-0.00017798889569351707,-4.070355270213186e-05,-0.00017277236823501368,-0.00035831909715524355,-0.0002160022020999386,-0.00034901065061900005,-0.00021996834121788223,-0.00027122353366852605,-0.00020676374735767106,-0.0002172120504408061
2020-05-27,6.8876922839274615e-06,6.725760040560598e-05,0.0001396470785628121,0.0007386045216795381,0.0007324249771643311,0.0008621526182177401,0.0007239494219607086,0.0006758738927015263,0.000751574522490032,0.0005828332219211682,0.0007361814094332658,0.0006395519592443021,0.0006813989749551801,0.0007060360387747017,0.0006580065120953903
2020-05-28,-0.00024496103560700294,-0.00030676377215844,-6.763997400880001e-05,-0.00025904267447809573,0.00017618186837946493,-0.00039750494180992,-0.00012954450057918473,-0.0003800471385281,-0.0003089524701109971,-0.00041914414123278,-4.777446765566e-05,-6.748230890755999e-05,-8.70997264568e-05,-0.00038537369263848,-1.0281556955959991e-05
2020-05-29,-2.974989132442e-05,-1.4797914947679976e-05,-0.00013470638484793998,-0.00016582978984504,-0.00035246488152954004,0.00021990153607900003,-0.00031072380921460944,-0.0001895741449817937,-0.00011098076893892,-0.00043387293031306006,-0.0003124228815601134,-0.00020118553586818004,-0.00035041918613388,-0.00025236460507022004,-0.00023365569450686002
2020-06-01,-0.0003459393820253027,-1.4676845957080001e-05,-0.00019152810377283318,-0.00015968862970994001,-0.00017616856224232,-0.00016835589790526002,-0.0001075296058466,-8.669135819419998e-05,-0.00010444384636302002,-7.170537738211998e-05,-8.380981222284001e-05,-0.00010654547911936,-0.00017134033054269998,-0.00014479006516674,0.00012025866404863643
2020-06-02,-6.776320576165837e-05,-0.00014536233899524332,-0.0005575140393565788,-0.0005843731776119089,-0.00057308900424012,-0.0007374195075044201,-0.00079594137588796,-0.0007112957234114399,-0.00045787396964208,-0.0005779955376779915,-0.0005944851516954,-0.00085169105416508,-0.0006468662781795,-0.00064533200398842,-0.0006592270192253
2020-06-03,-6.841072999486108e-06,0.00021605679921119755,0.0003050648677471363,0.00038893129921004,0.00035537766333095997,0.00041795229263727994,0.0006329673524441001,0.00034983289161372166,0.00015941803702349347,0.0005614202729341504,0.0004951715452444401,0.0006255600725645144,0.00045533783139363996,0.00045332412997150606,0.00045628962655404
2020-06-04,0.00042815088015284,0.00043468516923639733,4.4836617127999555e-07,0.00023195091387572287,0.00032109064689181995,0.00049306884516132,-8.991770224363995e-05,-5.621715378402003e-05,4.764133271495999e-05,-4.1683772772080024e-05,0.00013049946414521994,-0.00010869114387076465,-0.0003670489620381,0.00012455774107512002,0.00032321032561728
2020-06-05,0.00023959768276999587,-7.88852593614001e-06,0.00024031243922534063,0.00017920440777486005,0.00023133069198828,-0.00035722069657404,0.00028625625878752,-0.0002821302616157201,0.00059253275101524,0.0003497672559766,0.0003410691913755,0.00020621931524944008,0.00022365435138020005,0.00031878908566212,-0.00040100489018054
2020-06-08,3.757405356657169e-05,-0.00014572731183208,0.00038007151561096,0.00030408951651458,0.0009293558767671,0.00024241050241398003,0.0009264467974647858,0.0010539065486403713,0.0008215431834202398,0.00014251540928278,0.0004559530409618,0.0006464945000725999,0.0009405685745715313,0.00102028916564502,0.00076969085955532
2020-06-09,0.00013582423946313345,0.00010956218851250249,-0.0002124017796646547,-2.5024039881625074e-05,-0.000347032112528805,-0.00034600150800238915,-2.7784887091379303e-05,-0.0006673974213449789,-0.0001617742703774832,-0.00034120593094361877,3.84518767257947e-05,0.00015887299789340664,-9.760387505707999e-05,-0.0004172026447715859,-0.00042304779098962527
2020-06-10,-7.248685207407284e-06,0.00010899652052619808,-0.00024856303019955416,8.609448668826162e-05,-0.00016142559755301998,-0.0001669191090987676,0.00016968627329500005,0.0002944129442164227,-2.1244779412300015e-05,-0.0002341878170283711,0.00045096572408216657,-4.4930997052940005e-05,-3.0781828446339994e-05,4.90402444815804e-05,-4.076663758812334e-05
2020-06-11,0.00016767460640160784,0.0005849512506448,0.0006753287331264401,0.00011572079187119954,0.00055153654982328,0.0004106221467892799,-0.00030774130637324133,0.00097748411676304,0.00089937218908584,0.0005754179441197999,0.00101551751813236,0.00039048671102365993,0.00053544499586368,0.0005232111905465201,0.0002824868254809404
2020-06-12,0.00041172308938209994,0.0007589672313270602,0.0009941993001253203,0.00074963572052092,0.0008214960388027,0.0009078358080867003,0.0015338445656985999,0.00090716246424014,0.0008258877890907401,0.0011409951470812598,0.00035419548907704,0.00102529277959488,0.00105578434039078,0.0008401977362572,0.0009406760202387201
2020-06-15,0.000224171794124556,0.00038608275208634,0.000274116950433168,0.00028591214333982,0.00018585862021965998,0.0002946974432445,0.00052569017470324,0.00031909559090481215,0.00020166763665451485,0.00015096580389872537,0.00029746629116102,0.00042435204044525995,0.0004384894299376,0.00028234456983396004,0.00018472729047694
2020-06-16,-0.0003659085475084201,-0.0004546737506632934,-0.00041982033200832004,-0.0006151476346050908,-0.00075931396665424,-0.0005748377984504133,-0.0008239108679237601,-0.0006817128513360001,-0.0007454608462994,-0.00066157688158532,-0.0005221534346943069,-0.00065711722228064,-0.00051808324970938,-0.0008927862115438,-0.0003726295923405311
2020-06-17,-0.00016890576833530996,-0.00019659999193846002,-8.750066598189288e-05,-7.462986841847298e-06,-0.00022322203559692,0.00013983741996753874,5.5699739804082764e-05,9.730947977412e-05,-0.00017066188110125647,0.00025069680257320967,-0.00031505970129670394,9.99533668013189e-05,-9.601716218596155e-06,0.0003775549375592663,0.00014917786521914978
2020-06-18,0.00041604311062936694,0.00013195195336496222,0.00028396920336628,-0.00042673726100868,0.00019379013969616002,0.00039955461114721984,0.000141685557524269,-0.00011922256827018706,0.00015008732826320349,-5.348594659519282e-05,0.00037385769648090003,0.00018086381698298373,0.0001793749683803216,0.00018494808321232054,4.502361317930289e-05
2020-06-19,0.00022802223046842078,0.00015180221204148515,0.0006447001182948594,0.0009501781144908734,0.0005660815533440201,0.0006765256404477761,0.0006280742036795307,0.0008847481045426401,0.0009083222444200175,0.0006580047301112199,0.001097330334082936,0.0007971269582754787,0.00028055386780142025,0.0006790389756019955,0.0009075111480249274
2020-06-22,0.0001273381911249814,0.00010466640941027272,0.0005727550259015728,3.8837919428826504e-05,0.0003405750037371927,0.00019255121010127433,0.00023123507076797272,0.0003192468767063441,0.00010583160636715272,0.0001315773399742327,-0.00027171329797828726,0.0002166838628557116,-0.0002981689026522273,-8.376761270367285e-06,0.00036739104241687276
2020-06-23,-8.368299596944781e-05,-8.437965471650406e-05,1.8289021097180013e-05,3.09551291506e-05,7.059598128078534e-05,-5.2896459699060003e-05,-7.220657375528496e-05,0.00010541701653205174,-0.00049249798872584,6.70813689816e-05,9.434852804629999e-05,6.383824307265999e-05,-2.2405312323960026e-05,-8.547885137262e-05,0.00014938207284276
2020-06-24,-5.744574003535333e-05,-9.279126563665997e-05,0.00010803544742142,5.37395919104699e-05,-9.980556181855325e-05,1.9186458923598134e-05,-2.3118225178960017e-05,-0.0002364592561146,-0.00019933722173796822,-0.00010371498662623475,-0.00015112442734906001,-0.0002602056879052705,-0.00026595017399016,-5.8104454013799075e-05,-0.00014053982339125667
2020-06-25,-2.5438421912528277e-05,0.00042177191491556,7.47358635412164e-05,0.0003823268594962401,0.00034429353687296,-0.00013485507403762002,0.00064399471393268,0.00057000097408902,0.0005700932606124999,0.00054173114073994,0.0005846897608728799,-8.336222317449984e-05,0.00058462540085166,0.00011258224096629996,7.522309647345999e-05
2020-06-26,0.00014239118174937438,-2.4077155841167008e-05,-8.589959881476645e-05,-9.007293050889137e-06,-6.0481971468129335e-05,-0.00014227901010379203,0.00022509824967495876,4.1344104561719664e-05,-0.00024080379537716397,-0.0002733353912187287,-4.63861895464866e-05,3.9372194276744094e-05,-9.463117831152261e-05,-0.0005204634016826267,-4.8862673209249917e-05
2020-06-29,-0.0001301820505201975,-3.3904230450160005e-05,6.168681636266615e-05,0.0001459096551886569,0.00010443236851068603,-0.00010666363187989997,0.000123715853651388,0.00036180597458263994,0.00022833560079270002,0.00047983714502152,0.00020415330679067999,0.00034573168524570003,0.00017967750997623018,0.0002465771269676524,6.815890709043011e-06
2020-06-30,9.408620511955046e-05,0.0001303278891184251,0.00011234189677396432,7.572651444123688e-05,-0.00015866479607539607,4.002101170528861e-05,-0.0001457883449357687,-0.00042641214861524276,2.831091117999221e-05,-0.0005323751837092575,-0.00027606256375478,-0.00031106979097436,-0.0002434334031607973,-0.00013060243138811998,7.981916155800417e-05
2020-07-01,-0.00016981079495701764,-0.00010561651518296001,-0.00032683622422633997,-0.0002480108975152817,-0.0001972568743352312,-0.00013297496307484001,2.162211805595499e-06,1.999094338506135e-05,2.151453560240014e-06,-4.557785378656003e-05,0.00021118104295124001,-0.00025996286242467034,-0.00014598488248224664,-0.00011022784095253276,-7.300725628713999e-05
2020-07-02,-0.00027109335316688,-0.00030243217308966776,-0.0001730439495637154,-7.12703671062313e-05,-8.904507902420246e-05,-0.000344061945797738,-0.0002658076286963356,-0.00019964186449305401,-0.00022383927027946508,-0.00022331303616184,-0.00016287014350000362,-0.0002881835067961027,-0.00019450227688167762,-0.00038360863210424006,-0.000208472014258734
2020-07-13,0.00015974089502438995,0.00016097393990349685,9.617772166644416e-05,0.0003776004475488753,0.00030102410001708803,0.0004540682158945153,0.00040570315364532,0.0005330179455835801,0.0003702503632288,0.00038545908748478,0.00031206035513038145,0.00031455114340528,0.00021008289507942188,0.00040302878951684485,0.0004449038069992849
2020-07-14,-0.00021546115716425184,7.948653364696146e-05,-9.32865808644e-05,-8.696536402330002e-05,-0.00035532740236970007,-0.00018877176708882002,-0.00022012658054916,-2.3055699577239968e-05,-0.0006734626639403201,-0.0001000212418497554,-0.00029771572286010006,-0.0007965838005237,-0.00036298666303806,-0.00030412113485107277,-0.0007308895373312729
2020-07-15,3.7231832692419516e-05,0.00012167342285724818,0.000309493757803,7.41135435732317e-05,9.241803543369115e-05,0.00028510666332652,4.929998408741873e-05,0.00031060035107349337,0.00031506946440429173,1.4056869399645014e-05,9.604374227567998e-05,0.00029987606698026967,0.0003257361478413,0.00017101056306026752,0.0001422738039125793
2020-07-16,-0.00019419191643504,-0.00011915402162896953,-0.00012855927058498,1.1341793346440017e-05,-7.581410509142003e-05,-7.174323028563516e-05,-2.409801512588002e-05,-7.270147320547296e-05,-0.00010517223476154453,-0.00013712425038513997,0.00031584845257416,-0.0003979562627689999,7.783256443913211e-05,-2.93767526788682e-05,0.00019263410397402
2020-07-17,-5.295647012211319e-05,2.6246627669762915e-05,4.225094654917937e-05,0.00013676220146650002,9.465698244426881e-05,0.00034211284858446,0.00014252372744791606,0.00025338215218657315,0.00015200256732267998,0.00016193944908488353,4.3559879632582154e-05,8.082976512939709e-05,0.00016415077648442613,0.00013554067163121272,0.00022285580541934598
2020-07-20,0.0002109913213359123,0.00035827186066028004,5.233963684202001e-05,0.00013189372074974524,2.9683851812616973e-05,0.0001827431873558178,0.00015384135908305037,0.00017816277275044002,0.0001523618393085458,7.18289965463e-05,0.00026816428720777486,0.0003261310744913133,0.00033013593375341997,0.00032319259202352903,0.0002767458028164273
2020-07-21,-0.00014109372451521856,-0.00017916080531472993,4.6339202754885965e-05,-0.000216408996849964,-0.00038544782530059997,-0.00022587953476585596,-0.00010729888498788002,-0.00036600436296085995,-0.00042108039832838005,-0.00024757276365327196,-0.0005135474046823,-0.0002933568861928,-0.0001775506993380558,-0.0003792064896822137,-0.00037970609709517885
2020-07-22,-0.00029594163604413997,0.00024481377473731995,-0.00020621715851115333,0.0002493048953632484,-0.0004263547634152399,0.00028596495721835134,0.00028600825125603993,0.0006719105973968401,0.00055881256341364,0.00042393917770790007,0.0002522630015543,0.00020139692978976003,-4.024686369391997e-05,0.00019745617030627994,0.00031168306703599995
2020-07-23,-5.1172907892066584e-05,6.379595690449069e-05,0.00018293711079950603,-0.0002350757328704785,0.0004259616958194469,-0.00029307025069786284,-0.00012758168363057265,-0.00028966843576024416,-0.00043076722353058904,-0.0002264620821310447,0.00020218444054271039,-0.00022631269900017637,0.0002672876788669789,1.494003609288086e-05,0.00014440846837513293
2020-07-24,-5.566483330787192e-05,-0.00014886269967186343,7.887191217613143e-05,-8.169842594648861e-05,-1.6731972437426454e-06,4.600215441396119e-05,-0.00023411933372989883,-9.053061427349783e-05,0.00013533522238429774,-0.0002254961599749492,-0.00031475826127525604,-0.00023749823469454523,-0.0002968531523378067,-0.00011934291673798125,-0.00018463564884947659
2020-07-27,-8.597930513179225e-05,-4.7932182615306436e-05,5.220395056817999e-05,-3.118386976937585e-05,0.00018875975749818577,0.00015325921408588,0.00040283011540602,0.00033883290170112,0.0003796709701226972,0.00017587055306165527,6.789367216621998e-05,0.0003434944257524329,0.00014611892107266306,0.00018200631888846004,0.00015164787554103532
2020-07-28,-0.00022095493426881198,-0.00021391118554580003,-0.00012209476352221114,-0.0002511043638627886,-0.000747844451459101,-0.00023688974216700887,-0.00031081551086307535,-6.76249249604532e-05,-0.00033584117893134,-0.0003087425781969542,0.00027362932908268884,-0.000423117834637,-0.00042423573064030164,-0.00012918785180111178,-0.00028945904916048
2020-07-29,0.0003936449840816308,0.00036992361265375995,0.00061704243818572,0.0005253937133586,0.00104168011324406,0.00041450559572408005,0.00023575631315123996,0.0006787387148445,0.0005824181898329401,0.0004837316599932399,-5.097638144257997e-05,0.00016830301979900005,0.0005002055891097799,0.0005718717674993199,0.00058240888780296
2020-07-30,-3.465606585991667e-05,-8.50564047222154e-05,-0.00014924284350806,-3.227674525763094e-05,8.596959894882e-05,0.00011949736041459999,0.00071160801930464,0.00025224213659341937,0.0003223460575331915,0.00032259113218332006,0.00036856268712362684,0.0008149361386768876,0.00030716309481598395,0.00037292682713078475,0.00032453057775634245
2020-07-31,-0.0001331578104109876,-0.00010553082983421998,-4.7034792944499975e-05,4.402193002039987e-06,-0.00012623531895226,1.1150684204635468e-06,-0.0004456236963471972,-0.00019274853110763998,-0.00032501432635038,-0.0001946081188228099,-0.00031696575444070007,-0.00031577335375953944,-0.00036097363763724737,-0.0003049526622152742,-0.00018508193900145997
2020-08-03,7.791466590196263e-05,2.3501907928235054e-05,-0.00016877990352791666,-0.00017338037676657833,-0.0001453167493968526,-0.00015294297522268864,-0.00023844070767645417,-0.0001818891186387147,-0.00023183591030021805,-0.00014893043278353028,-8.278756987619321e-05,-0.00014183372467152814,-0.0002952710249665841,-0.00018140852266292974,-0.00024285261073479528
2020-08-04,-9.156163165804426e-05,-8.026744130111002e-05,-0.00023924246713728165,-0.0004150977754158347,-0.0005209265520017992,-0.0004345941971474379,-0.00018253253345434372,-0.000589731172495366,-6.293100419568389e-05,-0.00029709502098489225,-0.0007076024857854273,-0.00047489862806840205,-0.00024556769351156613,-0.0003266952788444046,-0.0006494597809987021
2020-08-05,-0.0002982689119069087,-0.00030851009242585995,0.00020349315443094406,6.263853017226937e-05,-2.0255228381239964e-05,-0.00013292951367018004,8.786221385232e-05,-3.275386823330815e-05,-0.000309312275812974,3.754942838987e-05,0.00031230049558524,0.0001438138883270176,2.781579016371831e-05,2.2960256453061753e-05,0.00040874638387421213
2020-08-06,-4.880000743382861e-07,0.0001784396854210524,-0.00032966395898176824,-0.0005856831580483897,-0.0005587651300255558,-0.0003943694763828113,-0.0005723249045948653,-0.0005527252117811403,-0.0006250856328669699,-0.0006284091802668399,-0.00032346895350732,-0.0003852080568026047,-0.00030304601245775093,-0.00040463486808367896,-0.0009432363622222407
2020-08-07,0.00021535833074687663,0.00015377901951323957,2.357368033225977e-05,0.00025785500806865233,0.00035183421272779337,0.00012878484568974,0.00025330451616062866,0.00010614721895959377,0.00012278666543811542,0.0003329853149760683,0.00035851371984853525,6.896315057837411e-06,0.0002923386405408628,0.0002032340533760795,1.0807628460262431e-05
2020-08-10,7.066274383304606e-05,3.7412779593388855e-05,0.00012013570637676001,0.00020276154719902107,0.00021752694844153148,4.742104605208687e-05,8.90643423996569e-05,0.00011310092340446887,0.00013954438040954001,0.00010874141771395599,2.551714617411999e-05,0.00013810812020719463,2.5718407426323786e-06,-0.00017367181936854672,0.00037989818836656875
2020-08-11,0.0001537215852658766,-7.794840032837996e-05,-0.00037748562436696,6.728465021480007e-05,-0.00047539892791562,0.00017372691252564,-0.00029408195711184005,0.00015577319818780002,0.00012857432361393996,0.00013496507634518003,5.973328787029998e-05,-0.00044932013037654004,0.00014462747404766,0.00024988044728123995,6.826310228219998e-05
2020-08-12,8.05560485139111e-05,0.00017792079229080954,0.0002664430170634227,0.000261976458912879,-3.907529294646678e-05,0.00012023988466588185,9.571287054125962e-05,0.00038899612941391276,-0.000274523229247856,0.00021579135810020247,0.00041816552510254247,0.0002097850664240267,0.0001556433372123091,-7.643808375811336e-05,-7.70960078758e-05
2020-08-13,0.00022825537821108462,0.00019758668294519364,0.00029149394788474133,0.00013725691003409446,0.0002638260839199725,5.210227222594015e-05,0.00048099502894611976,9.155068280037382e-05,0.0005802250641821949,-0.0002464448894821457,0.0003088036103516891,0.00027139267567242076,0.00041915982175939995,0.00026237099467510004,3.723369317424402e-05
2020-08-14,3.542535651576489e-05,-0.000161768094595803,4.089163441779731e-08,0.00020800315548010203,2.9571910957101726e-05,0.0003555494155680285,5.502406187532297e-05,0.00020807392048783003,3.7649630794536e-05,0.0002443550104965512,-0.00011426715864305377,-3.368979216378981e-05,2.033004146297698e-05,4.03181662478316e-06,-5.4570716348196176e-05
2020-08-17,8.649677608838757e-05,-0.00013506290020546361,6.648518969236747e-05,7.962486181395828e-06,-0.00011726957943295976,-4.824040628182437e-05,-6.736352846894597e-05,3.607279144502534e-05,-1.1944764226447387e-05,-0.00018156334383038906,-2.5082837573493924e-05,-4.564797378005269e-05,-3.88304016246088e-06,-0.00014075310921081872,-2.0643476180571315e-05
2020-08-18,0.00010009149959539945,-3.194574761549196e-05,1.1604441129868536e-05,-0.0001341514744479527,0.0002590464735105554,0.0002521428561463822,-0.0003175446003118209,0.00012380474348731382,0.0003031285714533748,0.00024050843977879897,0.00016035663678473554,3.497605064443888e-05,1.6883992259752948e-05,0.00011744307386074545,-6.597547761632667e-05
2020-08-19,8.508747503146804e-05,-5.332396390209999e-05,-2.2979264147605513e-05,5.4544159738550266e-05,0.00014850843850394742,-5.4335042799879974e-05,0.00022352586809636,0.00019020671997280588,-7.190104338936e-05,0.00017465340933534002,0.00018753630433571998,0.0001463419138234865,5.510769240581999e-05,5.87341569681e-05,0.00010744473508134
2020-08-20,2.5047027768949774e-05,7.027748240252605e-05,0.00012871925494231125,7.677219712066288e-05,-2.118373020699017e-06,8.669704313894339e-05,-3.835941671745817e-05,-2.9781520398937964e-05,0.00011743053940125999,6.489453446071294e-05,8.678804565227784e-05,8.847417116877851e-05,6.262753248697213e-05,0.00019308837805518002,0.00013167362982069276
2020-08-21,8.960645069251594e-05,0.00013142220996445217,0.0002288371528155995,0.00024336161985743398,0.00031666743228883057,4.4331781447680016e-05,0.00038199230704914,9.441675987644001e-05,0.00024912942492888907,7.675055547627654e-05,0.00018800906962434714,0.00020864694376555534,4.310132726435998e-05,7.533459035811014e-05,3.649769009375604e-05
2020-08-24,-3.0308178675205723e-05,-0.0001868757298679392,-0.00012951036104432822,-0.00013070195349320263,-0.00023495701704637578,-0.0001167545773847627,-0.00019469194474696,-0.00029271049350520736,-0.00014472823385679556,-0.00028029246095810564,-0.00011453943005313664,-0.0002668684702312602,-0.0002187368561455064,-0.00020347102889988654,-0.0001311617717787
2020-08-25,-3.54696095592235e-05,0.00013124615879308747,0.0003108835463822169,0.00045234267560038016,0.00047306876589652165,0.0005698794430088043,0.0004911375845841154,0.00042974017466844005,0.0005451872028031143,0.00042607271253489306,0.0004853514237749291,0.0005243462695940281,0.00034198514519721997,0.00029278715167001555,0.00038669811605584206
2020-08-26,0.0003215954239071,0.0005831501157105999,-0.00016961946206214482,0.000752272574522826,6.213861028045998e-05,0.00074071784037188,0.00048317182405571994,2.7017008434867163e-05,0.0008711383280961502,0.0006577733275920201,0.00076121348349826,0.0004769048869865,0.00025341569730088,0.0008640228922774879,0.0005919687889647183
2020-08-27,3.8027867682121296e-05,0.00026165870821752,-0.00023294561321568773,-4.767084694400002e-06,2.523849592456003e-05,-3.52418674845975e-05,-5.5661054306719984e-05,-0.00035623417138428,0.00020879726181740002,2.440149338128984e-05,-5.6620787560559475e-05,3.4452033751792353e-06,-0.00027937472883948,3.925223035474431e-05,-0.0001314548999634436
2020-08-28,-0.00012904004364644456,-0.00024660295510846097,-5.254407392970685e-05,-0.00028308300817932045,-0.00019074931321618545,-0.00010571818812205062,-0.00020970556591045787,-0.00021160544432859705,-0.00033256658522229826,-0.000288409652652857,-0.00018183749535825587,-0.00033307412636877107,-4.674875664911198e-05,-0.00024704434839245847,-0.00023191072812807053
2020-08-31,-0.00012519798843514484,-0.00013127012003218567,-0.00019181836357431726,-0.0001329428135670914,-0.00014966881185863185,3.454210494009114e-05,-6.607842940192518e-05,-0.00024620358053400115,-0.00020169496925318003,-0.00024625436139209995,0.00015695956309108,-4.485278094492938e-05,-0.00013243431183424897,-0.0003025587764903,-0.00023089641661899475
2020-09-01,0.00028183766138642,0.00052502636457398,0.00054913443004734,0.0004301557261604287,0.0005405086429539199,0.0005990599517591399,0.00056885062219166,0.0007611992897093,0.00043752404384864,0.0004851616825125169,0.0005886342484704365,0.0005769728390574556,0.0005768235097882615,0.0004821809299719967,0.000646804347923022
2020-09-02,0.0002540314829128608,0.00022459803120786968,-2.0717230433630792e-06,0.00010544300465684477,0.00013995028049148,0.00017448648099423932,0.00015773869098976,-9.734844589363941e-05,4.218108094427791e-05,0.00029468455731062704,0.0001497839365730194,8.511423588549092e-05,0.000132644148184559,0.0002006285368357646,0.00015742852246036
2020-09-03,0.0001032996326631774,3.0111416612398243e-05,0.00045351600500386,0.00025207922588541996,0.00037404255105683265,0.0002651669651418954,0.00023861058867542424,0.00016231446607580167,0.0003061996796237399,0.00010374474970788773,0.0002649022920885368,0.0005371598721948017,0.0004332961601742727,2.867160878756458e-05,0.0005251242506000473
2020-09-04,0.00036543723400766,0.0002544962638048239,4.818870856687517e-05,0.00016374906618156,-0.00019946833277744314,0.000186161951832445,0.00023784400758808546,0.0001945887363661922,0.00020379545133144004,0.00011566796197010275,-3.7522668161551685e-05,0.00029540155116978,9.153525594364e-05,6.805343314825998e-05,-0.0001552387623983311
2020-09-08,0.00030942235404097113,0.00020623358118501797,-0.00020889685433211997,-0.00027018607986928,-0.00031177136381692,-0.00018902809246521996,-0.00034012685199748,-0.00014904625809907852,-0.00050595077779258,-0.00022310778340767999,-0.00021535598370078,-0.00043021596564644,-0.00018401977137752002,-0.00034551876108415995,-0.00038415297491542
2020-09-09,0.00023846734345610003,0.00022898336817790002,0.00041741273656804005,0.00048267795290783997,0.0005437308332324,0.00023012385247664002,0.00035904439942214286,0.00020222201450892,0.0004020176123370956,0.00033469701641869996,0.0003563365429086643,0.0002694876605535535,0.0002180220357586269,0.0004695361764233999,0.00061597030528118
2020-09-10,-4.8838371989525374e-05,-0.0002335232259646685,-0.00014839708488834628,-0.00018529610413930004,-0.0003346635077349966,1.2377429416460391e-05,-7.602477947792001e-05,-5.8040819109563455e-05,-8.743817264675999e-05,-0.00023263840464363773,-0.00033312480707980004,-8.61741496173736e-05,-0.00011066160933797999,-0.00010407060507682238,-0.00020672890839735998
2020-09-11,7.524497811761891e-05,-9.854428030680001e-05,-0.00030191769469318835,-0.0006434630973558609,-0.0002957647867207594,-0.0003466692405321379,-0.00023734588557870485,-0.0003484058890425831,-0.00053599257116124,-0.0003381191302831665,-0.0004129256550787961,-0.0002617483037841,-0.0003919511410238596,-0.00050637408338836,-0.0004842376023157678
2020-09-14,0.00046560910902147785,0.00028007668740889823,-0.0009446889957961762,-0.0008323966531895851,-0.0009191507763606895,-0.0010378473813507476,-0.00022717619805782816,-0.00022783187978070413,-0.000517191850343446,-0.00026536976805598806,-0.0004920114814535228,-0.0003086354440167734,-0.0006344782276593902,-0.0009511715559503469,-0.0006324211051843527
2020-09-15,-0.0002546350972185821,-0.0014021148260197401,-0.00016155487421862683,0.0005751069233900036,-0.0005622503195624863,-0.00018631893676752947,-0.0008779822558492108,-0.0009498893108271308,-0.0008027750745602669,-0.0005644296476454024,-0.00037342908185404903,-0.0002116892839796679,-0.0009405895264284579,-0.00035848730823513647,-0.001270504652802329
2020-09-16,0.0007328861181170976,0.000946998859485925,0.001572025843393273,0.0005024606207764152,0.00089804762084904,0.001141653958852274,0.00022241420594256,0.0013904153498306999,0.0004459921583841264,-0.00010563255928983713,0.0005969109133690693,0.0007251436273387274,0.0009753995679835259,0.00152499641883108,0.0007976800417549398
2020-09-17,0.0008716146985239201,0.000987615867094827,-0.0002296318582358945,0.0006595234308565541,0.00031973199210966663,0.0008837743096634893,0.0008378996865024523,0.0010295455526391575,0.0014002462465906907,0.00092800279747404,0.0018781558694624602,-1.7063805932353466e-05,0.00040105902543378,0.0006257715692356716,0.00154760390158528
2020-09-18,0.00013703211448347005,-0.00010026589820602001,-0.00034744434492627556,-0.0001205454887242747,-0.0005766032540212545,-9.382449824470157e-05,-0.00026715093172764,-0.0003817607605774249,-0.00020390120717999854,-0.0005953462580982922,-0.0006753950281356146,0.0001338727180074826,-0.00015326104839616421,-0.00015806536979488234,-2.8292508323641727e-05
2020-09-21,-0.00020525584026168,0.00026849510701331997,0.0007905757385325387,0.0007941904288795525,0.0010776682132902801,0.0011470607884645615,0.00110368088246226,0.0011400972275486569,0.0010936652509562187,0.0008646154403018396,0.0006498386599997202,0.0010026810778714598,0.0012675952620433799,0.000986938616324255,0.0009563340578895999
2020-09-22,-2.5332796525298055e-05,1.0651693343499994e-05,-0.00019606095687064,-0.00011025185494679851,-0.0003057477117422557,-0.00027587516182585244,-0.00029551848902539633,-0.00023211472813329997,-4.140896974403324e-05,-1.2751864152439986e-05,-0.00015148473203274002,-5.895790141826002e-05,-0.00016949432851232,-0.0003303892021104821,-4.77613301094e-06
2020-09-23,-6.353830043256145e-05,-1.940155519570173e-05,-0.00031214727061796004,-0.00019909999974140002,-0.00020367155743704983,-0.0002936141090349147,-0.00042614742388182,-0.00025439920222146,-0.00023884987576898,-0.0005349222248310799,-0.0005114278488075706,-0.00024117372742312,-0.00045812497370102,-0.00029846791442976136,-0.00034224994278474
2020-09-24,0.0001908364704487609,0.00041793571497775997,0.0004387898970227261,0.0007236014173091201,0.0006370541599846337,0.0007891256754289199,0.00083486457573788,0.0007567106293899401,0.00071172252892742,0.0008610218960615999,0.0008446704754716914,0.0009377662061385401,0.0009510571722236001,0.00070764207324954,0.00069362025387408
2020-09-25,-0.0001203911838574791,-0.00010503915503676,-0.00020116156925379893,-0.00027659207066374,-0.0001546550465570409,-0.00023924211305689728,-1.0518798990799788e-06,6.143788575263193e-05,2.4449697531560028e-05,-5.1351137433520026e-05,-4.819204265576714e-05,-0.00025068498544506,-0.00039028925485228,-0.00025190605184894,2.5846310738438415e-05
2020-09-28,0.00013944219337819175,0.00040637925321322324,0.0003258269195903291,0.0006487444949372535,0.00041620999004024,0.0003077829635834823,0.000438536830863496,0.00052261069816422,0.001315845499317682,0.000958866325911222,0.00023878824975389997,0.0005895295737564359,0.0005603421728442971,0.000525478283472402,0.00023512758107092202
2020-09-29,9.190498034281343e-05,8.573093331921046e-05,0.0002863328836435379,0.0002077905009827998,0.000111620696182062,1.5067245025354498e-05,0.0002321303156080731,0.00012653612858938194,-5.534639923935763e-05,0.00016697636606626,0.0001603037032698,9.559977569999999e-05,0.00018841792565844507,0.00012524561581051089,0.00022574375310577998
2020-09-30,-0.00013206879493248922,-0.00029665414478878,-0.0004162807386533133,-0.00038892398557510005,-0.0003980214014820783,-0.00033035851574825346,-0.00035570999821313195,-0.00042212093243471793,-0.00049285761954343,-0.0005447550283052625,-0.0004937846795757648,-0.00040213909751817944,-0.0004320437496542616,-0.0006320689167566457,-0.00054961514178886
2020-10-01,-0.00020442578405178226,-0.00040745416598551994,-0.0002368261763494913,-0.00019314770492919316,-0.00027673130550774194,-0.0005969774976541325,-0.0005953581040105775,-0.00033987667418227714,-0.0003311808773770391,-0.00023441631511095508,-0.00040340474341624117,-0.00028735383760682793,-6.776091586836781e-05,-0.00015298804832403974,-0.00015347751535371728
2020-10-02,0.00011476433262761398,0.00020925635104045146,0.0002690089850629567,6.474494427568002e-05,0.00073294651517454,0.00050811363437398,0.00034178196861789996,0.0005961447098858801,0.00027702915384172005,0.00059328694056452,0.0006602453520759,0.00012847047587646003,-6.891600277476e-05,0.0004868385309420399,0.00037900826015723995
2020-10-05,0.00010294785377306357,9.079376875354527e-05,0.00016544220050278012,0.00020404054561806197,0.00025623284521496,0.0002482995860002831,0.0004086785025392059,0.00027823122041822316,0.00031758039793677644,0.0004168852788710627,0.0002876662496397962,0.00042438394414232017,0.0004895136545397421,0.00039674734921361086,0.00039101801279512713
2020-10-06,7.64663971364176e-05,0.00011725800307191639,0.00046434348694299996,0.00048159073150961986,0.00106387483486868,0.0005769778784714601,0.00030280964490872,0.0005876293487298542,0.0002983202782030801,0.00024176513257710003,0.0006966260088279344,0.0004970323871691001,0.0007311097927984979,0.0004301583951489169,0.0004941957065050709
2020-10-07,-2.340379581628955e-05,-0.0001415586215123292,-2.617344153224778e-05,0.00018804156111292396,-0.0003246257500504599,0.00017677094380819024,0.0006507468796709668,9.655842417767804e-05,0.00011450195655939026,0.00025847385054294863,0.0002173940368116285,0.0002448117490719363,0.00010704444670108,0.00015667547365244,0.00016645737748585216
2020-10-08,-2.275299919081373e-05,5.249397702116208e-05,6.642885550040674e-05,-1.1845296211751246e-05,5.260681670223237e-05,0.00022623976309506,-4.543534995027133e-05,-2.0710599331192e-05,-2.5476020570397776e-05,-1.996865570926001e-05,-2.172110184009999e-05,0.00018290062314321994,4.528546284559999e-05,6.723325540509335e-05,3.644522002588208e-05
2020-10-09,0.0001583078808909309,0.00011578899526595434,0.00017582681269848,5.8879671072739997e-05,0.00011436398920140474,0.00016521349558947093,-3.25289325344e-06,3.6753906578399855e-06,-3.530456620580007e-06,1.9661651741159993e-05,0.00011992248831263999,7.011239320825999e-05,-9.234891852523999e-05,6.102115157451998e-05,-7.219885817228e-05
2020-10-12,1.3874324638104028e-05,0.0002016091265630581,0.00013576063071542465,8.080175419269095e-05,-0.00019611782186765842,8.346436842034577e-06,-0.00019929446013715113,-0.00021522749122848214,-0.00013686814035303763,9.248628410013144e-05,2.791202771862246e-05,-9.500667821729793e-05,8.953218037416655e-05,-1.7123678015805042e-05,-0.00024046577563603954
2020-10-13,8.685691510188256e-05,-0.00016651821523465897,0.0003338440593453,-6.299371128192001e-05,-0.00039980309400330005,1.3758534487150642e-05,6.354158510236e-05,5.3443158677798504e-05,-0.00012483333671727044,-0.00010857035917714807,-0.00040450596246298,-0.0003750229382586439,-0.00026548621872722,-0.00038144896975505295,-0.00010677225950535765
2020-10-14,9.870727606768409e-06,5.5229910355844286e-05,0.0002456450631461121,9.607478390947759e-05,0.00014543624077887376,4.2599688678478505e-05,0.00010227166581801275,0.00011882188254309235,-9.519576433999967e-07,0.0001278965881341963,2.5159248105939796e-05,0.0001293924896544,5.175549771236961e-05,-2.285904055132678e-05,8.598749558774001e-05
2020-10-15,-0.00013563570120908,-5.531964432399983e-06,0.0002154690294530207,0.00071603560320456,0.0006926594546196,0.0004874167387179691,0.00045885098566385995,0.00013274430527358857,0.0008547948389572001,0.0005780144613833077,0.0003742922685069682,0.0008456429650262598,0.0006867273754649,0.00108155711153116,0.00076105057737046
2020-10-16,-0.00024520396731041996,-8.6432676069851e-05,6.645406323726753e-05,-0.00011598631712072002,-0.00023596495603418,-0.00045477386542268003,-7.655454363739999e-05,3.123523170176002e-05,-0.00019547138675925154,-0.00028735748013236,-0.00019439472580099994,-0.00031429080033021996,-0.00031945276019238,-9.780906747816e-05,-0.00020620969953980003
2020-10-19,1.1669634949861274e-05,0.0001573014871185348,0.00023531317296219954,1.309819730690629e-05,0.00020315824442875734,2.6732684860555932e-05,-2.3872386416605027e-05,-2.5217239756298073e-05,-2.3761949310151645e-05,0.00021716110460127865,-9.935125992116302e-05,3.394376395017628e-05,-5.442021844381999e-05,9.913460156515349e-05,1.124161741843738e-05
2020-10-20,1.9437361511130212e-05,0.00022271580048804007,0.00017990399541726413,0.00026020547859548,0.00017220730927550003,0.00037051284116858155,0.00025444472618942,0.00017402291537712002,0.00028301156284472005,-0.00010171891668133998,0.00042760427902294,3.448548551367999e-05,0.00031058911844282,1.8851108564840013e-05,0.00025847554159074
2020-10-21,-0.00046238716758684976,-0.0002614880261320103,2.4054082349465704e-05,-9.230263876358137e-06,0.00016852024075956007,0.00026598213684006906,-1.522480462046002e-05,0.00021806849993948182,0.00031032850929522,0.00012920382111008,0.0001730192016300202,6.464368070833787e-05,0.00019803083945527976,0.00021505230894457378,0.00015722715789098
2020-10-22,0.0003248373785553467,0.0003363008269982616,0.00026109740818959314,0.00022062833240054573,0.0002675950480791684,0.0003632818881693543,0.00033723410758567263,0.0005317764157468704,0.00016374863951602333,0.00017200579518738,0.00054431595412296,0.00033299254403192655,0.0005329048854544668,0.0004924779112258717,0.00046733642510083404
2020-10-23,-7.868181973105563e-05,-0.00012675373110072164,-0.00021037437752002207,-1.055687974490456e-05,-0.0001738993442738115,-0.00021191114251964846,-0.0002104710495153547,-7.506587231263535e-06,-0.00023896979530661598,-0.0001563909156008325,-0.0002825370049611629,-0.00025149051790159806,-0.0002497583055286655,-0.00022538281780445528,-0.0002545301446962839
2020-10-26,0.0003910439096153599,0.00030647160069243595,0.00033461930734152,0.0003272775371411487,0.00018886796631452,0.0002134488101797,0.00035455033029067326,0.0002368425285479554,0.00018406931536343903,0.0002304628423245515,0.00037397539631377864,0.00026639778307646,1.966241309838137e-05,0.0004845959475622399,0.00041924066974522004
2020-10-27,-0.00018134529542524613,-0.00017737201100968483,-0.0006291822350600999,-0.00018671473963603998,-0.00034584615263147996,2.8438852717400205e-06,-0.0007686386401473402,-0.00027751988574759994,0.00024244497305640007,-8.418872386524003e-05,-0.00039116441664366005,-0.00033462176337439994,-0.00022502638422566964,-0.0001469659141080138,-0.00018492786913432
2020-10-28,-0.00029267996105206877,-0.0004637873453073579,0.0002948958788957769,-0.00014126461964567802,-0.00018719175494907408,0.0002189117875226825,0.0005775119775299801,0.000667265500732951,-0.00022992205009979074,0.0001285743906396806,0.00011606736044250001,0.00020802161416394,0.00015065154937038,0.00030964639876164,0.00036844157613518
2020-10-29,-0.0003443956493075636,-0.00039085240132196,-1.3922347493299988e-05,-0.00013079479836633997,4.0056480959319996e-05,0.00015127331296187744,-0.00020726971929325996,-0.00022623804189508665,-5.5853192694460007e-05,0.00021696593896278,5.6186315672400065e-06,6.222920644015999e-05,-2.145754936508003e-05,4.267754354949999e-05,0.00018022775136824045
2020-10-30,0.00013333707514184162,0.00047506626983869995,0.00032976845585381946,0.00043536970465582003,0.0002229259326556005,-0.00011715116453806006,0.00040513082422368,0.00017365034287406003,0.00076763671946304,3.9907995736199965e-05,0.00076903191501366,0.00022795161442908004,0.00044246171332249873,0.0007144738629273028,0.00047694804823976005
2020-11-02,-0.00010936776410401996,1.991527801387795e-05,-0.00015264273069711998,5.0953429849321906e-05,-0.00012633337842847997,-0.00011585216125824,-0.00025620247054116004,-0.0004321611200236599,-0.00024700885006534,-0.00022510338799608,-0.00019618709246224005,-0.00016966472723258,-0.00019525180879435998,-0.00031224175901026,-0.00022665083008996
2020-11-03,-0.0001623027462855123,-0.00028440306015529965,-0.00041204506782242003,-0.0004932028877274559,-0.00013294577747513585,-0.00068374276377174,-0.00032572669737116,-0.000283357333888,-0.00036454992241024035,-0.00031063649005466437,-0.00023189287211706003,-0.0003737724996785716,-0.00018312446864958,-0.00040331685772016,-0.0002043986739989837
2020-11-04,-0.00011230736010511135,0.00019971435280991548,-9.973666559277998e-05,-0.0005478888830684801,0.00024970098563274003,-7.911174846071999e-05,-0.00042770034497319995,-0.00019534540248724,-0.0002996754367352207,-0.00042409669134882004,-0.00032512547283881997,-0.00027249159063934,-0.00016264476008124004,-0.00033204024217037997,-0.00020201154748214007
2020-11-05,-5.895088646353242e-05,0.0002456752371346342,-0.00019083297475562,0.00044292481784478455,-0.0008287997498750207,-0.0004267656165319584,-0.00010110531851303183,0.00011637332435126003,-0.0004410031487918556,0.0001568168661879402,0.00012537576695652,-0.00037447505066255443,-0.000152450268418535,-0.00010682070300294245,-0.00033544454919948
2020-11-06,7.798967669252785e-05,7.693059090189603e-05,-0.00011956476258646001,4.776248468720012e-06,-9.250303610241998e-05,0.00016350149459228,0.0002329229571215459,-2.6303565013572044e-05,7.545989805776e-05,1.5101432991379994e-05,0.00021851473898764,3.130804700891998e-05,0.00024790903187456,-0.0001005202304692192,0.00020025102386763395
2020-11-09,-0.00092226835284778,-0.00114268684504362,-0.00037346119614874005,-7.499695394677999e-05,0.0008077574304967401,0.0002589365962286,-0.00043261025860098,-3.4672330814780086e-05,0.0004975240077536699,-0.00022730269966615094,-0.00023029676772370005,0.000755325410044893,0.0006414817891190201,0.0006865029312273628,0.0005590141653791199
2020-11-10,0.00044004862559008555,-0.00010798474586848629,0.00027322579905892004,-0.00015598139667714,-3.862465963563998e-05,0.00014287233317372,0.00030296242245164,-0.00026265600457324,0.00012690650086216,-0.0005966174193532401,-0.00047231820870621995,-0.00016671780133045998,-0.00045079080567682003,-0.00047035744034018236,4.639755417765999e-05
2020-11-11,-1.8961697956303115e-05,-9.686128991154588e-05,4.561193520997998e-05,3.557763731412e-05,8.085480907915802e-05,0.0001613073416402,9.635088121473834e-05,4.980159716407499e-05,-0.0001296814336725086,5.762492516715466e-05,0.00010996617038922002,0.00039295658642069995,-1.7727131972132503e-05,0.00013782310293378473,0.0001190356580315
2020-11-12,1.8251465313364064e-06,0.00029034426523053084,-0.00025082639045049946,-6.457142757931422e-07,-0.00011545158971619098,-1.6766160913874634e-05,0.00046758213516163993,0.00011776540890395999,6.0214475184159995e-05,0.00016078052194608,-0.0003611804065471456,0.00044947140985186,0.00033492013413563993,3.203632058599056e-05,-1.5477571763559832e-05
2020-11-13,-5.500164537767838e-05,1.7360133242483896e-05,-7.405255605513105e-05,-0.00013047491975741265,-5.640865593047916e-05,-0.00018770910530179914,-0.00021768482993605288,-0.0001538029329115151,-0.00024154284148415772,-0.00040209095417644914,-0.00022239444983927987,-0.0001344990764563914,-0.0003823027681052621,-0.00032822203330496076,-4.865985806201793e-05
2020-11-16,6.721833509282002e-05,5.7733981669239994e-05,0.0002026840488766199,0.00046895603522672917,0.000321968072664294,0.00039508925586226437,0.00016311272910780433,5.8739123886855725e-05,0.0003405497087988137,0.00029759438139467814,0.0004045386889703323,6.527863059065601e-05,0.0001481251187130904,0.00042800509047901514,-1.4451728733910763e-05
2020-11-17,0.00011991528477793331,0.0002507554756062,0.0002126061042839,0.00015497803253278,0.00015927866298620378,6.0668468509432404e-05,0.00014960235474780002,-0.00013113336641722007,0.00019087898607446135,0.00025436834866598003,-0.00020020866035926006,0.00015813707811830152,0.00010305159959982755,-7.390600598860013e-06,-4.868573735400004e-05
2020-11-18,-0.00021774667433482314,-0.00011795540282696148,3.4473857881444756e-05,0.00014172874609126,-0.00023153386179088005,3.743378838622002e-05,-0.00050449883064644,5.810706841904351e-05,0.00019563933112332,6.524429451563999e-05,0.00012761202991924035,0.00014852844883222,-5.671862546957999e-05,2.2746278801439928e-05,4.153124665903234e-05
2020-11-19,-0.0003226059928282581,3.5598413037830426e-05,6.28509418152e-05,6.202504402895999e-05,0.00028169133238760007,1.5408428952979994e-05,0.000610131424399732,0.00023746569034800006,7.060972368091997e-05,0.00018273544113980001,0.00013134419169520003,-2.6332938307739986e-05,0.0003606280673902,0.0005074221097955668,0.00047444658047805994
2020-11-20,-9.699531399248092e-05,4.274108334318236e-05,-8.308566084214124e-05,-0.00012613427112734838,0.00014956325086361313,-5.344876614548002e-05,-3.2658859751960026e-05,-0.00010968537339902,-7.375064170034002e-05,4.696665483129288e-06,-9.478476397125001e-05,-0.0001041730855312698,0.00013103059312887221,2.5530470852443923e-05,0.00026072522582396
2020-11-23,-5.522129179896001e-05,0.00014351000311310001,5.013278919832273e-05,9.002939666986246e-05,2.8421831064749182e-06,-0.00010160192527638,-3.582750031542812e-05,-0.00014048186827999727,0.00011829006190653386,-3.352964732747678e-05,2.0952326336702593e-05,-3.965220059820198e-05,7.22243468547816e-05,-0.0002826499529645698,-0.0002603222801730888
2020-11-24,-1.8331809510143384e-05,0.00022613482083048953,0.00024750035548642534,-5.4949815351306686e-05,7.152053508314273e-05,0.0001870102585921587,0.0002997205487871276,0.0002464450813218789,0.0002451864537450721,0.00019994379966769456,0.0003022065661531483,0.00017884155313152176,0.0003219051921191829,0.00032333417871293973,0.0002622643867768609
2020-11-25,0.0,0.0,0.0,0.0,0.0,0.0,0.0,0.0,0.0,0.0,0.0,0.0,0.0,0.0,0.0
2020-11-26,-8.31782756164504e-05,-0.0001305754949533092,-0.0002450891743412,-0.00032383040206078,-0.00021698928006559057,-0.0003627821097628898,-0.000306103795073842,-0.00029712944084653666,-0.0003097219407405135,-0.0003180233932539279,-0.00028381322095867264,-0.0004106787980484528,-0.00031859116007889996,-0.0004212610776157342,-0.0002319677777612615
2020-11-27,-1.684458629002e-05,-0.000130500483968949,-3.0040381866744393e-05,-2.6536867219839046e-05,-0.00011964329844975999,-1.5468461044244267e-05,2.3010930821580003e-05,-7.218928853812713e-05,-0.00012839166312896905,6.432058333082278e-05,-5.896957556741826e-05,3.864691068154e-05,-6.720397257609278e-05,0.00016145455699465288,-4.7247480561706216e-05
2020-11-30,-3.866198318963051e-05,9.756653198122895e-05,8.9411364707e-05,1.0108521291720004e-05,-1.3667642310840906e-05,-8.50844524625236e-05,4.676975506888606e-05,-7.164014097600001e-06,-6.669463146138e-05,3.4876713302859984e-05,0.00020723877641797998,-0.00013089530609072,-3.019445531155401e-05,-0.00010380471945152,-2.161426213295886e-05
2020-12-01,-2.7407086847046055e-05,-5.335491094819455e-05,0.0001783377920254314,3.016994216917343e-05,0.0001255193066691,0.0003468254346979646,0.0001343977726759907,8.85190429249042e-05,0.00013307754891100001,9.603385216483982e-06,-3.835791350053345e-05,0.00021276963425019324,3.907766914468615e-05,0.00010154421697267999,0.00015345497540444745
2020-12-02,4.20484882833638e-05,2.3141480695669224e-05,1.8859988592459996e-05,0.00018232668778131998,-7.281810479446466e-06,6.9706268674399734e-06,8.859665399140226e-05,6.722492508643999e-05,8.912983819324e-05,0.00019953467812630255,0.00015440207038866,0.00012543683395039608,0.00012615643253387999,-7.376644522179971e-06,0.00016381447264037324
2020-12-03,9.721465807251153e-05,0.0002504979878730497,0.00031986352772116,0.00022309364012157987,0.00028577294748344283,0.0001696608313718307,0.0004314920443212445,0.00019134421243037755,0.00030895324589802,0.00033164549419043997,0.0002706574202056949,0.0004159465203820911,0.0003635400969270683,0.00048032642886218,0.0002798853526731826
2020-12-04,0.0002311023283831745,0.0002154422734671332,0.00037850247985190004,0.00038639765226054003,0.00036011749861642,0.0005354489818175,0.0005257693587524911,0.00053116146456892,0.00047393120181880003,0.00050128427227532,0.00043119958679046003,0.00040341168673958003,0.00050654387614044,0.0005294265841364601,0.0005075267782296601
2020-12-07,7.979396709603818e-05,6.081176325713428e-05,1.5385204220289164e-05,0.00011401645494219512,-8.730953391384257e-05,-0.0001329521992338353,-0.00022588145691791972,-3.776645511907195e-05,-0.00026427556520557344,-0.0003612704860182519,-0.00018012055733778,-0.0001780534369131,-4.727060321610725e-06,-0.00018765624179314832,-0.00032003711428979997
2020-12-08,-0.000363676448600313,-0.0004985706239565337,-0.00029638857741645256,-0.0006590455629930201,-0.0006313770683940999,-0.00058300082805168,-0.00043428945405926,-0.0003373732709216599,-0.0005613277297126873,-0.0005899096603528588,-0.00046806292394833206,-0.00050075007161402,-0.00045978404160315996,-0.00028261748824213995,-0.00023048565996415185
2020-12-09,0.00019096625472837776,0.000259103885796301,0.00016495788982629771,0.00024102614757014,0.00041313583848158735,0.00017192724318879893,0.00045432376381572,0.0002307341430005779,1.1645557112669986e-05,0.00030812537244136607,0.0004546422826682401,0.00056913688898304,0.00021163368855581094,0.00010809237190320003,-6.356435579901913e-05
2020-12-10,0.0004255567459100724,0.0004012718118816651,0.00031753850177395997,0.00043890420608528,0.00032608059320001994,0.00051825895511556,0.0003287010552042003,0.00026203637111462,0.00026439178217146014,0.00036380337307778384,0.00029478712335604155,0.0004485264086455074,0.00019963333283233475,-7.039833976615664e-05,-1.3305997424641492e-06
2020-12-11,-0.00011424271086115582,1.2281850877363305e-05,-5.229846405338447e-05,-0.00014551719038902677,1.0938255513198042e-05,1.0588751858212141e-05,4.3865560116120004e-05,-0.0003376593974303038,-0.00028046180251978264,-0.00010581439640284878,-3.7037432951100025e-05,-5.8190843692039975e-05,-0.00013464653283387447,-0.00021015881845183777,-0.0002880338795166384
2020-12-14,-0.0001112245798205224,0.00012600000913160002,3.7198475908259976e-05,0.00028329345315362,0.00017261094027874,0.000255397723873933,0.00038670076208514,0.00024275397568319836,0.000326863863455,0.00037510645714727993,0.0002448770661743943,4.8178661486141495e-05,8.098468027312e-05,0.00026446867917529995,0.00039210281687322
2020-12-15,7.690930752162002e-05,7.002315695891195e-05,2.9712687800700027e-05,-0.00018492579299974,0.00011444020093384,4.2161961261579983e-05,-3.744226191028931e-05,0.00012482384214015693,-0.00011252495502916237,-0.00010106183789090526,-0.00015199595463412,0.00010057605708555019,-7.370115606692283e-05,-0.0001313951753633126,-0.00012572451200177346
2020-12-16,4.881771775158915e-05,0.00015885269481501934,7.73625145476383e-05,0.00018308559378522253,9.607851853855965e-05,-4.0100142799e-06,0.00012852095303714,-8.23872504465e-05,0.00014537706620992,0.0001307145608436812,5.420533815959732e-06,-5.1569363675221747e-05,0.00010142163993236398,1.8466420408879976e-05,2.161289591603998e-05
2020-12-17,0.00010531003471394157,9.9922856248116e-05,0.00015798647092571622,9.720395633006985e-05,0.00015537642234009653,0.00010043716803604001,0.0001631436896785552,0.00010936102813991532,0.0001256019235218374,1.2669000991309231e-05,0.00015533498732027998,0.00029292976595286,0.0001652010515726672,7.650799121891999e-05,0.00021058617237169
2020-12-18,-5.374526705858379e-05,-0.00010813595547207614,0.00011686908699711754,7.018684813695906e-05,8.065227940526e-05,4.254541738600604e-05,4.464536315473498e-05,0.00011232771208884,6.476980056674766e-05,0.00010377020592309064,1.5321027895279996e-05,4.505444605610001e-05,-8.259541962851136e-05,0.00010416686195804,7.718274588198516e-05
2020-12-21,0.00070506307705308,0.0008258105281962747,0.0006040665769856399,0.0007670339811369199,0.0006697898579341201,0.00076866437543116,0.0006733902185830801,0.00069743398157312,0.00071136638851524,0.0007150776455890999,0.0006126204838903599,0.00084595608178782,0.0008099532617838201,0.00055597900885334,0.00069052384146162
2020-12-22,-3.06495727402001e-06,0.00033578028253918003,0.00019087380154204,0.00059027030672292,0.00045414471896078004,0.00039735991445742386,0.0005657399581417119,0.00030715361268155816,0.00041756229722096004,0.0003507911411478644,0.00044683597160256,0.0004780174253275259,0.0004085492392650907,0.00035662320247757055,0.00044900698356003106
2020-12-23,1.374074633046854e-05,0.00010314332624102513,7.443521233348679e-05,3.0244355721500982e-05,0.00016298371301993374,0.0003934540189601994,0.00019878097485323253,-4.3230727432017635e-05,0.00028663529642902,0.0003035810648513473,0.000342569570002,0.00022622428629584401,0.000258052559508011,0.0003711895345724826,0.0003936136030194302
2020-12-24,-8.494082414651242e-05,0.00012574513129218,0.00015582107105703997,-5.8632259943159984e-05,4.387331566272076e-05,0.00019933417729829997,-6.960392165816089e-05,-0.0002915854803276816,-0.0002464334011214,-0.0002396804505313,-0.00027753739418804,-0.00026155063106038005,-0.00023936501530088123,-0.00029251389706723733,7.275054264245401e-05
2020-12-28,0.00020174565439673862,0.0003163180544632434,0.00014617227111609956,0.00025152819258741996,0.00046663820794596005,0.0002941472002458,0.0005000771298088,0.00039401713443873996,0.000447138774846325,0.0002478272576486813,0.00042743709110948,0.00041707474233966996,0.0003027502794503493,0.00039865046053044734,0.00029785662871183725
2020-12-29,0.00018370719997123144,9.55248660734001e-06,9.824228226305998e-05,-4.339020430844027e-05,-0.00016958410107402414,0.00010065958483552557,-0.00010479372620158,-0.00010478037425781245,1.4968539359053104e-06,-4.4405678010535213e-05,-0.00019540031302556,9.135061280632e-05,-0.00014938616024272002,-0.00016664312034788,8.076801512581042e-05
2020-12-30,3.021654573709398e-05,4.7092622304122e-05,0.00017781952486112858,9.909160306968566e-05,8.920753183450851e-05,0.000176524889283026,9.73779288609e-05,0.0001053597027425041,0.00010683023177074811,0.0002601374822872999,0.00010647191987336719,0.00012675681319200002,0.00018463976770610873,0.00016367046875852335,0.0001310118433072209
2020-12-31,-2.161943247593783e-05,-1.4323469867927012e-05,-0.00013377454488360956,-5.333361150689226e-05,-0.00023481830176382001,1.1625107569710792e-05,-5.452743497132042e-06,4.36808605765668e-05,0.0002040321159499088,0.0002209853255869239,-0.00029003697354440517,9.87246677103528e-05,8.242972887267788e-05,0.00013443354074553466,8.8769884546536e-06
